run,nPartitions,nTaxa,partitionSeqLength,nCPU,instances,beagle,nGPU
1,1,20,500,1,true,java,0
2,1,20,500,1,true,beagle_CPU,0
3,1,20,500,1,true,beagle_SSE,0
4,1,20,500,2,true,java,0
5,1,20,500,2,true,beagle_CPU,0
6,1,20,500,2,true,beagle_SSE,0
7,1,20,500,4,true,java,0
8,1,20,500,4,true,beagle_CPU,0
9,1,20,500,4,true,beagle_SSE,0
10,1,20,500,6,true,java,0
11,1,20,500,6,true,beagle_CPU,0
12,1,20,500,6,true,beagle_SSE,0
13,1,20,500,8,true,java,0
14,1,20,500,8,true,beagle_CPU,0
15,1,20,500,8,true,beagle_SSE,0
16,1,20,500,1,true,beagle_GPU,1
17,1,20,500,1,true,beagle_GPU,2
18,1,20,500,1,true,beagle_GPU,4
19,1,20,500,1,false,java,0
20,1,20,500,1,false,beagle_CPU,0
21,1,20,500,1,false,beagle_SSE,0
22,1,20,500,2,false,java,0
23,1,20,500,2,false,beagle_CPU,0
24,1,20,500,2,false,beagle_SSE,0
25,1,20,500,4,false,java,0
26,1,20,500,4,false,beagle_CPU,0
27,1,20,500,4,false,beagle_SSE,0
28,1,20,500,6,false,java,0
29,1,20,500,6,false,beagle_CPU,0
30,1,20,500,6,false,beagle_SSE,0
31,1,20,500,8,false,java,0
32,1,20,500,8,false,beagle_CPU,0
33,1,20,500,8,false,beagle_SSE,0
34,1,20,500,1,false,beagle_GPU,1
35,1,20,500,1,false,beagle_GPU,2
36,1,20,500,1,false,beagle_GPU,4
37,1,20,1000,1,true,java,0
38,1,20,1000,1,true,beagle_CPU,0
39,1,20,1000,1,true,beagle_SSE,0
40,1,20,1000,2,true,java,0
41,1,20,1000,2,true,beagle_CPU,0
42,1,20,1000,2,true,beagle_SSE,0
43,1,20,1000,4,true,java,0
44,1,20,1000,4,true,beagle_CPU,0
45,1,20,1000,4,true,beagle_SSE,0
46,1,20,1000,6,true,java,0
47,1,20,1000,6,true,beagle_CPU,0
48,1,20,1000,6,true,beagle_SSE,0
49,1,20,1000,8,true,java,0
50,1,20,1000,8,true,beagle_CPU,0
51,1,20,1000,8,true,beagle_SSE,0
52,1,20,1000,1,true,beagle_GPU,1
53,1,20,1000,1,true,beagle_GPU,2
54,1,20,1000,1,true,beagle_GPU,4
55,1,20,1000,1,false,java,0
56,1,20,1000,1,false,beagle_CPU,0
57,1,20,1000,1,false,beagle_SSE,0
58,1,20,1000,2,false,java,0
59,1,20,1000,2,false,beagle_CPU,0
60,1,20,1000,2,false,beagle_SSE,0
61,1,20,1000,4,false,java,0
62,1,20,1000,4,false,beagle_CPU,0
63,1,20,1000,4,false,beagle_SSE,0
64,1,20,1000,6,false,java,0
65,1,20,1000,6,false,beagle_CPU,0
66,1,20,1000,6,false,beagle_SSE,0
67,1,20,1000,8,false,java,0
68,1,20,1000,8,false,beagle_CPU,0
69,1,20,1000,8,false,beagle_SSE,0
70,1,20,1000,1,false,beagle_GPU,1
71,1,20,1000,1,false,beagle_GPU,2
72,1,20,1000,1,false,beagle_GPU,4
73,1,20,3000,1,true,java,0
74,1,20,3000,1,true,beagle_CPU,0
75,1,20,3000,1,true,beagle_SSE,0
76,1,20,3000,2,true,java,0
77,1,20,3000,2,true,beagle_CPU,0
78,1,20,3000,2,true,beagle_SSE,0
79,1,20,3000,4,true,java,0
80,1,20,3000,4,true,beagle_CPU,0
81,1,20,3000,4,true,beagle_SSE,0
82,1,20,3000,6,true,java,0
83,1,20,3000,6,true,beagle_CPU,0
84,1,20,3000,6,true,beagle_SSE,0
85,1,20,3000,8,true,java,0
86,1,20,3000,8,true,beagle_CPU,0
87,1,20,3000,8,true,beagle_SSE,0
88,1,20,3000,1,true,beagle_GPU,1
89,1,20,3000,1,true,beagle_GPU,2
90,1,20,3000,1,true,beagle_GPU,4
91,1,20,3000,1,false,java,0
92,1,20,3000,1,false,beagle_CPU,0
93,1,20,3000,1,false,beagle_SSE,0
94,1,20,3000,2,false,java,0
95,1,20,3000,2,false,beagle_CPU,0
96,1,20,3000,2,false,beagle_SSE,0
97,1,20,3000,4,false,java,0
98,1,20,3000,4,false,beagle_CPU,0
99,1,20,3000,4,false,beagle_SSE,0
100,1,20,3000,6,false,java,0
101,1,20,3000,6,false,beagle_CPU,0
102,1,20,3000,6,false,beagle_SSE,0
103,1,20,3000,8,false,java,0
104,1,20,3000,8,false,beagle_CPU,0
105,1,20,3000,8,false,beagle_SSE,0
106,1,20,3000,1,false,beagle_GPU,1
107,1,20,3000,1,false,beagle_GPU,2
108,1,20,3000,1,false,beagle_GPU,4
109,1,20,9000,1,true,java,0
110,1,20,9000,1,true,beagle_CPU,0
111,1,20,9000,1,true,beagle_SSE,0
112,1,20,9000,2,true,java,0
113,1,20,9000,2,true,beagle_CPU,0
114,1,20,9000,2,true,beagle_SSE,0
115,1,20,9000,4,true,java,0
116,1,20,9000,4,true,beagle_CPU,0
117,1,20,9000,4,true,beagle_SSE,0
118,1,20,9000,6,true,java,0
119,1,20,9000,6,true,beagle_CPU,0
120,1,20,9000,6,true,beagle_SSE,0
121,1,20,9000,8,true,java,0
122,1,20,9000,8,true,beagle_CPU,0
123,1,20,9000,8,true,beagle_SSE,0
124,1,20,9000,1,true,beagle_GPU,1
125,1,20,9000,1,true,beagle_GPU,2
126,1,20,9000,1,true,beagle_GPU,4
127,1,20,9000,1,false,java,0
128,1,20,9000,1,false,beagle_CPU,0
129,1,20,9000,1,false,beagle_SSE,0
130,1,20,9000,2,false,java,0
131,1,20,9000,2,false,beagle_CPU,0
132,1,20,9000,2,false,beagle_SSE,0
133,1,20,9000,4,false,java,0
134,1,20,9000,4,false,beagle_CPU,0
135,1,20,9000,4,false,beagle_SSE,0
136,1,20,9000,6,false,java,0
137,1,20,9000,6,false,beagle_CPU,0
138,1,20,9000,6,false,beagle_SSE,0
139,1,20,9000,8,false,java,0
140,1,20,9000,8,false,beagle_CPU,0
141,1,20,9000,8,false,beagle_SSE,0
142,1,20,9000,1,false,beagle_GPU,1
143,1,20,9000,1,false,beagle_GPU,2
144,1,20,9000,1,false,beagle_GPU,4
145,1,250,500,1,true,java,0
146,1,250,500,1,true,beagle_CPU,0
147,1,250,500,1,true,beagle_SSE,0
148,1,250,500,2,true,java,0
149,1,250,500,2,true,beagle_CPU,0
150,1,250,500,2,true,beagle_SSE,0
151,1,250,500,4,true,java,0
152,1,250,500,4,true,beagle_CPU,0
153,1,250,500,4,true,beagle_SSE,0
154,1,250,500,6,true,java,0
155,1,250,500,6,true,beagle_CPU,0
156,1,250,500,6,true,beagle_SSE,0
157,1,250,500,8,true,java,0
158,1,250,500,8,true,beagle_CPU,0
159,1,250,500,8,true,beagle_SSE,0
160,1,250,500,1,true,beagle_GPU,1
161,1,250,500,1,true,beagle_GPU,2
162,1,250,500,1,true,beagle_GPU,4
163,1,250,500,1,false,java,0
164,1,250,500,1,false,beagle_CPU,0
165,1,250,500,1,false,beagle_SSE,0
166,1,250,500,2,false,java,0
167,1,250,500,2,false,beagle_CPU,0
168,1,250,500,2,false,beagle_SSE,0
169,1,250,500,4,false,java,0
170,1,250,500,4,false,beagle_CPU,0
171,1,250,500,4,false,beagle_SSE,0
172,1,250,500,6,false,java,0
173,1,250,500,6,false,beagle_CPU,0
174,1,250,500,6,false,beagle_SSE,0
175,1,250,500,8,false,java,0
176,1,250,500,8,false,beagle_CPU,0
177,1,250,500,8,false,beagle_SSE,0
178,1,250,500,1,false,beagle_GPU,1
179,1,250,500,1,false,beagle_GPU,2
180,1,250,500,1,false,beagle_GPU,4
181,1,250,1000,1,true,java,0
182,1,250,1000,1,true,beagle_CPU,0
183,1,250,1000,1,true,beagle_SSE,0
184,1,250,1000,2,true,java,0
185,1,250,1000,2,true,beagle_CPU,0
186,1,250,1000,2,true,beagle_SSE,0
187,1,250,1000,4,true,java,0
188,1,250,1000,4,true,beagle_CPU,0
189,1,250,1000,4,true,beagle_SSE,0
190,1,250,1000,6,true,java,0
191,1,250,1000,6,true,beagle_CPU,0
192,1,250,1000,6,true,beagle_SSE,0
193,1,250,1000,8,true,java,0
194,1,250,1000,8,true,beagle_CPU,0
195,1,250,1000,8,true,beagle_SSE,0
196,1,250,1000,1,true,beagle_GPU,1
197,1,250,1000,1,true,beagle_GPU,2
198,1,250,1000,1,true,beagle_GPU,4
199,1,250,1000,1,false,java,0
200,1,250,1000,1,false,beagle_CPU,0
201,1,250,1000,1,false,beagle_SSE,0
202,1,250,1000,2,false,java,0
203,1,250,1000,2,false,beagle_CPU,0
204,1,250,1000,2,false,beagle_SSE,0
205,1,250,1000,4,false,java,0
206,1,250,1000,4,false,beagle_CPU,0
207,1,250,1000,4,false,beagle_SSE,0
208,1,250,1000,6,false,java,0
209,1,250,1000,6,false,beagle_CPU,0
210,1,250,1000,6,false,beagle_SSE,0
211,1,250,1000,8,false,java,0
212,1,250,1000,8,false,beagle_CPU,0
213,1,250,1000,8,false,beagle_SSE,0
214,1,250,1000,1,false,beagle_GPU,1
215,1,250,1000,1,false,beagle_GPU,2
216,1,250,1000,1,false,beagle_GPU,4
217,1,250,3000,1,true,java,0
218,1,250,3000,1,true,beagle_CPU,0
219,1,250,3000,1,true,beagle_SSE,0
220,1,250,3000,2,true,java,0
221,1,250,3000,2,true,beagle_CPU,0
222,1,250,3000,2,true,beagle_SSE,0
223,1,250,3000,4,true,java,0
224,1,250,3000,4,true,beagle_CPU,0
225,1,250,3000,4,true,beagle_SSE,0
226,1,250,3000,6,true,java,0
227,1,250,3000,6,true,beagle_CPU,0
228,1,250,3000,6,true,beagle_SSE,0
229,1,250,3000,8,true,java,0
230,1,250,3000,8,true,beagle_CPU,0
231,1,250,3000,8,true,beagle_SSE,0
232,1,250,3000,1,true,beagle_GPU,1
233,1,250,3000,1,true,beagle_GPU,2
234,1,250,3000,1,true,beagle_GPU,4
235,1,250,3000,1,false,java,0
236,1,250,3000,1,false,beagle_CPU,0
237,1,250,3000,1,false,beagle_SSE,0
238,1,250,3000,2,false,java,0
239,1,250,3000,2,false,beagle_CPU,0
240,1,250,3000,2,false,beagle_SSE,0
241,1,250,3000,4,false,java,0
242,1,250,3000,4,false,beagle_CPU,0
243,1,250,3000,4,false,beagle_SSE,0
244,1,250,3000,6,false,java,0
245,1,250,3000,6,false,beagle_CPU,0
246,1,250,3000,6,false,beagle_SSE,0
247,1,250,3000,8,false,java,0
248,1,250,3000,8,false,beagle_CPU,0
249,1,250,3000,8,false,beagle_SSE,0
250,1,250,3000,1,false,beagle_GPU,1
251,1,250,3000,1,false,beagle_GPU,2
252,1,250,3000,1,false,beagle_GPU,4
253,1,250,9000,1,true,java,0
254,1,250,9000,1,true,beagle_CPU,0
255,1,250,9000,1,true,beagle_SSE,0
256,1,250,9000,2,true,java,0
257,1,250,9000,2,true,beagle_CPU,0
258,1,250,9000,2,true,beagle_SSE,0
259,1,250,9000,4,true,java,0
260,1,250,9000,4,true,beagle_CPU,0
261,1,250,9000,4,true,beagle_SSE,0
262,1,250,9000,6,true,java,0
263,1,250,9000,6,true,beagle_CPU,0
264,1,250,9000,6,true,beagle_SSE,0
265,1,250,9000,8,true,java,0
266,1,250,9000,8,true,beagle_CPU,0
267,1,250,9000,8,true,beagle_SSE,0
268,1,250,9000,1,true,beagle_GPU,1
269,1,250,9000,1,true,beagle_GPU,2
270,1,250,9000,1,true,beagle_GPU,4
271,1,250,9000,1,false,java,0
272,1,250,9000,1,false,beagle_CPU,0
273,1,250,9000,1,false,beagle_SSE,0
274,1,250,9000,2,false,java,0
275,1,250,9000,2,false,beagle_CPU,0
276,1,250,9000,2,false,beagle_SSE,0
277,1,250,9000,4,false,java,0
278,1,250,9000,4,false,beagle_CPU,0
279,1,250,9000,4,false,beagle_SSE,0
280,1,250,9000,6,false,java,0
281,1,250,9000,6,false,beagle_CPU,0
282,1,250,9000,6,false,beagle_SSE,0
283,1,250,9000,8,false,java,0
284,1,250,9000,8,false,beagle_CPU,0
285,1,250,9000,8,false,beagle_SSE,0
286,1,250,9000,1,false,beagle_GPU,1
287,1,250,9000,1,false,beagle_GPU,2
288,1,250,9000,1,false,beagle_GPU,4
289,1,1000,500,1,true,java,0
290,1,1000,500,1,true,beagle_CPU,0
291,1,1000,500,1,true,beagle_SSE,0
292,1,1000,500,2,true,java,0
293,1,1000,500,2,true,beagle_CPU,0
294,1,1000,500,2,true,beagle_SSE,0
295,1,1000,500,4,true,java,0
296,1,1000,500,4,true,beagle_CPU,0
297,1,1000,500,4,true,beagle_SSE,0
298,1,1000,500,6,true,java,0
299,1,1000,500,6,true,beagle_CPU,0
300,1,1000,500,6,true,beagle_SSE,0
301,1,1000,500,8,true,java,0
302,1,1000,500,8,true,beagle_CPU,0
303,1,1000,500,8,true,beagle_SSE,0
304,1,1000,500,1,true,beagle_GPU,1
305,1,1000,500,1,true,beagle_GPU,2
306,1,1000,500,1,true,beagle_GPU,4
307,1,1000,500,1,false,java,0
308,1,1000,500,1,false,beagle_CPU,0
309,1,1000,500,1,false,beagle_SSE,0
310,1,1000,500,2,false,java,0
311,1,1000,500,2,false,beagle_CPU,0
312,1,1000,500,2,false,beagle_SSE,0
313,1,1000,500,4,false,java,0
314,1,1000,500,4,false,beagle_CPU,0
315,1,1000,500,4,false,beagle_SSE,0
316,1,1000,500,6,false,java,0
317,1,1000,500,6,false,beagle_CPU,0
318,1,1000,500,6,false,beagle_SSE,0
319,1,1000,500,8,false,java,0
320,1,1000,500,8,false,beagle_CPU,0
321,1,1000,500,8,false,beagle_SSE,0
322,1,1000,500,1,false,beagle_GPU,1
323,1,1000,500,1,false,beagle_GPU,2
324,1,1000,500,1,false,beagle_GPU,4
325,1,1000,1000,1,true,java,0
326,1,1000,1000,1,true,beagle_CPU,0
327,1,1000,1000,1,true,beagle_SSE,0
328,1,1000,1000,2,true,java,0
329,1,1000,1000,2,true,beagle_CPU,0
330,1,1000,1000,2,true,beagle_SSE,0
331,1,1000,1000,4,true,java,0
332,1,1000,1000,4,true,beagle_CPU,0
333,1,1000,1000,4,true,beagle_SSE,0
334,1,1000,1000,6,true,java,0
335,1,1000,1000,6,true,beagle_CPU,0
336,1,1000,1000,6,true,beagle_SSE,0
337,1,1000,1000,8,true,java,0
338,1,1000,1000,8,true,beagle_CPU,0
339,1,1000,1000,8,true,beagle_SSE,0
340,1,1000,1000,1,true,beagle_GPU,1
341,1,1000,1000,1,true,beagle_GPU,2
342,1,1000,1000,1,true,beagle_GPU,4
343,1,1000,1000,1,false,java,0
344,1,1000,1000,1,false,beagle_CPU,0
345,1,1000,1000,1,false,beagle_SSE,0
346,1,1000,1000,2,false,java,0
347,1,1000,1000,2,false,beagle_CPU,0
348,1,1000,1000,2,false,beagle_SSE,0
349,1,1000,1000,4,false,java,0
350,1,1000,1000,4,false,beagle_CPU,0
351,1,1000,1000,4,false,beagle_SSE,0
352,1,1000,1000,6,false,java,0
353,1,1000,1000,6,false,beagle_CPU,0
354,1,1000,1000,6,false,beagle_SSE,0
355,1,1000,1000,8,false,java,0
356,1,1000,1000,8,false,beagle_CPU,0
357,1,1000,1000,8,false,beagle_SSE,0
358,1,1000,1000,1,false,beagle_GPU,1
359,1,1000,1000,1,false,beagle_GPU,2
360,1,1000,1000,1,false,beagle_GPU,4
361,1,1000,3000,1,true,java,0
362,1,1000,3000,1,true,beagle_CPU,0
363,1,1000,3000,1,true,beagle_SSE,0
364,1,1000,3000,2,true,java,0
365,1,1000,3000,2,true,beagle_CPU,0
366,1,1000,3000,2,true,beagle_SSE,0
367,1,1000,3000,4,true,java,0
368,1,1000,3000,4,true,beagle_CPU,0
369,1,1000,3000,4,true,beagle_SSE,0
370,1,1000,3000,6,true,java,0
371,1,1000,3000,6,true,beagle_CPU,0
372,1,1000,3000,6,true,beagle_SSE,0
373,1,1000,3000,8,true,java,0
374,1,1000,3000,8,true,beagle_CPU,0
375,1,1000,3000,8,true,beagle_SSE,0
376,1,1000,3000,1,true,beagle_GPU,1
377,1,1000,3000,1,true,beagle_GPU,2
378,1,1000,3000,1,true,beagle_GPU,4
379,1,1000,3000,1,false,java,0
380,1,1000,3000,1,false,beagle_CPU,0
381,1,1000,3000,1,false,beagle_SSE,0
382,1,1000,3000,2,false,java,0
383,1,1000,3000,2,false,beagle_CPU,0
384,1,1000,3000,2,false,beagle_SSE,0
385,1,1000,3000,4,false,java,0
386,1,1000,3000,4,false,beagle_CPU,0
387,1,1000,3000,4,false,beagle_SSE,0
388,1,1000,3000,6,false,java,0
389,1,1000,3000,6,false,beagle_CPU,0
390,1,1000,3000,6,false,beagle_SSE,0
391,1,1000,3000,8,false,java,0
392,1,1000,3000,8,false,beagle_CPU,0
393,1,1000,3000,8,false,beagle_SSE,0
394,1,1000,3000,1,false,beagle_GPU,1
395,1,1000,3000,1,false,beagle_GPU,2
396,1,1000,3000,1,false,beagle_GPU,4
397,1,1000,9000,1,true,java,0
398,1,1000,9000,1,true,beagle_CPU,0
399,1,1000,9000,1,true,beagle_SSE,0
400,1,1000,9000,2,true,java,0
401,1,1000,9000,2,true,beagle_CPU,0
402,1,1000,9000,2,true,beagle_SSE,0
403,1,1000,9000,4,true,java,0
404,1,1000,9000,4,true,beagle_CPU,0
405,1,1000,9000,4,true,beagle_SSE,0
406,1,1000,9000,6,true,java,0
407,1,1000,9000,6,true,beagle_CPU,0
408,1,1000,9000,6,true,beagle_SSE,0
409,1,1000,9000,8,true,java,0
410,1,1000,9000,8,true,beagle_CPU,0
411,1,1000,9000,8,true,beagle_SSE,0
412,1,1000,9000,1,true,beagle_GPU,1
413,1,1000,9000,1,true,beagle_GPU,2
414,1,1000,9000,1,true,beagle_GPU,4
415,1,1000,9000,1,false,java,0
416,1,1000,9000,1,false,beagle_CPU,0
417,1,1000,9000,1,false,beagle_SSE,0
418,1,1000,9000,2,false,java,0
419,1,1000,9000,2,false,beagle_CPU,0
420,1,1000,9000,2,false,beagle_SSE,0
421,1,1000,9000,4,false,java,0
422,1,1000,9000,4,false,beagle_CPU,0
423,1,1000,9000,4,false,beagle_SSE,0
424,1,1000,9000,6,false,java,0
425,1,1000,9000,6,false,beagle_CPU,0
426,1,1000,9000,6,false,beagle_SSE,0
427,1,1000,9000,8,false,java,0
428,1,1000,9000,8,false,beagle_CPU,0
429,1,1000,9000,8,false,beagle_SSE,0
430,1,1000,9000,1,false,beagle_GPU,1
431,1,1000,9000,1,false,beagle_GPU,2
432,1,1000,9000,1,false,beagle_GPU,4
433,3,20,100,1,true,java,0
434,3,20,100,1,true,beagle_CPU,0
435,3,20,100,1,true,beagle_SSE,0
436,3,20,100,2,true,java,0
437,3,20,100,2,true,beagle_CPU,0
438,3,20,100,2,true,beagle_SSE,0
439,3,20,100,4,true,java,0
440,3,20,100,4,true,beagle_CPU,0
441,3,20,100,4,true,beagle_SSE,0
442,3,20,100,6,true,java,0
443,3,20,100,6,true,beagle_CPU,0
444,3,20,100,6,true,beagle_SSE,0
445,3,20,100,8,true,java,0
446,3,20,100,8,true,beagle_CPU,0
447,3,20,100,8,true,beagle_SSE,0
448,3,20,100,1,true,beagle_GPU,1
449,3,20,100,1,true,beagle_GPU,2
450,3,20,100,1,true,beagle_GPU,4
451,3,20,100,1,false,java,0
452,3,20,100,1,false,beagle_CPU,0
453,3,20,100,1,false,beagle_SSE,0
454,3,20,100,2,false,java,0
455,3,20,100,2,false,beagle_CPU,0
456,3,20,100,2,false,beagle_SSE,0
457,3,20,100,4,false,java,0
458,3,20,100,4,false,beagle_CPU,0
459,3,20,100,4,false,beagle_SSE,0
460,3,20,100,6,false,java,0
461,3,20,100,6,false,beagle_CPU,0
462,3,20,100,6,false,beagle_SSE,0
463,3,20,100,8,false,java,0
464,3,20,100,8,false,beagle_CPU,0
465,3,20,100,8,false,beagle_SSE,0
466,3,20,100,1,false,beagle_GPU,1
467,3,20,100,1,false,beagle_GPU,2
468,3,20,100,1,false,beagle_GPU,4
469,6,20,100,1,true,java,0
470,6,20,100,1,true,beagle_CPU,0
471,6,20,100,1,true,beagle_SSE,0
472,6,20,100,2,true,java,0
473,6,20,100,2,true,beagle_CPU,0
474,6,20,100,2,true,beagle_SSE,0
475,6,20,100,4,true,java,0
476,6,20,100,4,true,beagle_CPU,0
477,6,20,100,4,true,beagle_SSE,0
478,6,20,100,6,true,java,0
479,6,20,100,6,true,beagle_CPU,0
480,6,20,100,6,true,beagle_SSE,0
481,6,20,100,8,true,java,0
482,6,20,100,8,true,beagle_CPU,0
483,6,20,100,8,true,beagle_SSE,0
484,6,20,100,1,true,beagle_GPU,1
485,6,20,100,1,true,beagle_GPU,2
486,6,20,100,1,true,beagle_GPU,4
487,6,20,100,1,false,java,0
488,6,20,100,1,false,beagle_CPU,0
489,6,20,100,1,false,beagle_SSE,0
490,6,20,100,2,false,java,0
491,6,20,100,2,false,beagle_CPU,0
492,6,20,100,2,false,beagle_SSE,0
493,6,20,100,4,false,java,0
494,6,20,100,4,false,beagle_CPU,0
495,6,20,100,4,false,beagle_SSE,0
496,6,20,100,6,false,java,0
497,6,20,100,6,false,beagle_CPU,0
498,6,20,100,6,false,beagle_SSE,0
499,6,20,100,8,false,java,0
500,6,20,100,8,false,beagle_CPU,0
501,6,20,100,8,false,beagle_SSE,0
502,6,20,100,1,false,beagle_GPU,1
503,6,20,100,1,false,beagle_GPU,2
504,6,20,100,1,false,beagle_GPU,4
505,9,20,100,1,true,java,0
506,9,20,100,1,true,beagle_CPU,0
507,9,20,100,1,true,beagle_SSE,0
508,9,20,100,2,true,java,0
509,9,20,100,2,true,beagle_CPU,0
510,9,20,100,2,true,beagle_SSE,0
511,9,20,100,4,true,java,0
512,9,20,100,4,true,beagle_CPU,0
513,9,20,100,4,true,beagle_SSE,0
514,9,20,100,6,true,java,0
515,9,20,100,6,true,beagle_CPU,0
516,9,20,100,6,true,beagle_SSE,0
517,9,20,100,8,true,java,0
518,9,20,100,8,true,beagle_CPU,0
519,9,20,100,8,true,beagle_SSE,0
520,9,20,100,1,true,beagle_GPU,1
521,9,20,100,1,true,beagle_GPU,2
522,9,20,100,1,true,beagle_GPU,4
523,9,20,100,1,false,java,0
524,9,20,100,1,false,beagle_CPU,0
525,9,20,100,1,false,beagle_SSE,0
526,9,20,100,2,false,java,0
527,9,20,100,2,false,beagle_CPU,0
528,9,20,100,2,false,beagle_SSE,0
529,9,20,100,4,false,java,0
530,9,20,100,4,false,beagle_CPU,0
531,9,20,100,4,false,beagle_SSE,0
532,9,20,100,6,false,java,0
533,9,20,100,6,false,beagle_CPU,0
534,9,20,100,6,false,beagle_SSE,0
535,9,20,100,8,false,java,0
536,9,20,100,8,false,beagle_CPU,0
537,9,20,100,8,false,beagle_SSE,0
538,9,20,100,1,false,beagle_GPU,1
539,9,20,100,1,false,beagle_GPU,2
540,9,20,100,1,false,beagle_GPU,4
541,3,20,500,1,true,java,0
542,3,20,500,1,true,beagle_CPU,0
543,3,20,500,1,true,beagle_SSE,0
544,3,20,500,2,true,java,0
545,3,20,500,2,true,beagle_CPU,0
546,3,20,500,2,true,beagle_SSE,0
547,3,20,500,4,true,java,0
548,3,20,500,4,true,beagle_CPU,0
549,3,20,500,4,true,beagle_SSE,0
550,3,20,500,6,true,java,0
551,3,20,500,6,true,beagle_CPU,0
552,3,20,500,6,true,beagle_SSE,0
553,3,20,500,8,true,java,0
554,3,20,500,8,true,beagle_CPU,0
555,3,20,500,8,true,beagle_SSE,0
556,3,20,500,1,true,beagle_GPU,1
557,3,20,500,1,true,beagle_GPU,2
558,3,20,500,1,true,beagle_GPU,4
559,3,20,500,1,false,java,0
560,3,20,500,1,false,beagle_CPU,0
561,3,20,500,1,false,beagle_SSE,0
562,3,20,500,2,false,java,0
563,3,20,500,2,false,beagle_CPU,0
564,3,20,500,2,false,beagle_SSE,0
565,3,20,500,4,false,java,0
566,3,20,500,4,false,beagle_CPU,0
567,3,20,500,4,false,beagle_SSE,0
568,3,20,500,6,false,java,0
569,3,20,500,6,false,beagle_CPU,0
570,3,20,500,6,false,beagle_SSE,0
571,3,20,500,8,false,java,0
572,3,20,500,8,false,beagle_CPU,0
573,3,20,500,8,false,beagle_SSE,0
574,3,20,500,1,false,beagle_GPU,1
575,3,20,500,1,false,beagle_GPU,2
576,3,20,500,1,false,beagle_GPU,4
577,6,20,500,1,true,java,0
578,6,20,500,1,true,beagle_CPU,0
579,6,20,500,1,true,beagle_SSE,0
580,6,20,500,2,true,java,0
581,6,20,500,2,true,beagle_CPU,0
582,6,20,500,2,true,beagle_SSE,0
583,6,20,500,4,true,java,0
584,6,20,500,4,true,beagle_CPU,0
585,6,20,500,4,true,beagle_SSE,0
586,6,20,500,6,true,java,0
587,6,20,500,6,true,beagle_CPU,0
588,6,20,500,6,true,beagle_SSE,0
589,6,20,500,8,true,java,0
590,6,20,500,8,true,beagle_CPU,0
591,6,20,500,8,true,beagle_SSE,0
592,6,20,500,1,true,beagle_GPU,1
593,6,20,500,1,true,beagle_GPU,2
594,6,20,500,1,true,beagle_GPU,4
595,6,20,500,1,false,java,0
596,6,20,500,1,false,beagle_CPU,0
597,6,20,500,1,false,beagle_SSE,0
598,6,20,500,2,false,java,0
599,6,20,500,2,false,beagle_CPU,0
600,6,20,500,2,false,beagle_SSE,0
601,6,20,500,4,false,java,0
602,6,20,500,4,false,beagle_CPU,0
603,6,20,500,4,false,beagle_SSE,0
604,6,20,500,6,false,java,0
605,6,20,500,6,false,beagle_CPU,0
606,6,20,500,6,false,beagle_SSE,0
607,6,20,500,8,false,java,0
608,6,20,500,8,false,beagle_CPU,0
609,6,20,500,8,false,beagle_SSE,0
610,6,20,500,1,false,beagle_GPU,1
611,6,20,500,1,false,beagle_GPU,2
612,6,20,500,1,false,beagle_GPU,4
613,9,20,500,1,true,java,0
614,9,20,500,1,true,beagle_CPU,0
615,9,20,500,1,true,beagle_SSE,0
616,9,20,500,2,true,java,0
617,9,20,500,2,true,beagle_CPU,0
618,9,20,500,2,true,beagle_SSE,0
619,9,20,500,4,true,java,0
620,9,20,500,4,true,beagle_CPU,0
621,9,20,500,4,true,beagle_SSE,0
622,9,20,500,6,true,java,0
623,9,20,500,6,true,beagle_CPU,0
624,9,20,500,6,true,beagle_SSE,0
625,9,20,500,8,true,java,0
626,9,20,500,8,true,beagle_CPU,0
627,9,20,500,8,true,beagle_SSE,0
628,9,20,500,1,true,beagle_GPU,1
629,9,20,500,1,true,beagle_GPU,2
630,9,20,500,1,true,beagle_GPU,4
631,9,20,500,1,false,java,0
632,9,20,500,1,false,beagle_CPU,0
633,9,20,500,1,false,beagle_SSE,0
634,9,20,500,2,false,java,0
635,9,20,500,2,false,beagle_CPU,0
636,9,20,500,2,false,beagle_SSE,0
637,9,20,500,4,false,java,0
638,9,20,500,4,false,beagle_CPU,0
639,9,20,500,4,false,beagle_SSE,0
640,9,20,500,6,false,java,0
641,9,20,500,6,false,beagle_CPU,0
642,9,20,500,6,false,beagle_SSE,0
643,9,20,500,8,false,java,0
644,9,20,500,8,false,beagle_CPU,0
645,9,20,500,8,false,beagle_SSE,0
646,9,20,500,1,false,beagle_GPU,1
647,9,20,500,1,false,beagle_GPU,2
648,9,20,500,1,false,beagle_GPU,4
649,3,20,1000,1,true,java,0
650,3,20,1000,1,true,beagle_CPU,0
651,3,20,1000,1,true,beagle_SSE,0
652,3,20,1000,2,true,java,0
653,3,20,1000,2,true,beagle_CPU,0
654,3,20,1000,2,true,beagle_SSE,0
655,3,20,1000,4,true,java,0
656,3,20,1000,4,true,beagle_CPU,0
657,3,20,1000,4,true,beagle_SSE,0
658,3,20,1000,6,true,java,0
659,3,20,1000,6,true,beagle_CPU,0
660,3,20,1000,6,true,beagle_SSE,0
661,3,20,1000,8,true,java,0
662,3,20,1000,8,true,beagle_CPU,0
663,3,20,1000,8,true,beagle_SSE,0
664,3,20,1000,1,true,beagle_GPU,1
665,3,20,1000,1,true,beagle_GPU,2
666,3,20,1000,1,true,beagle_GPU,4
667,3,20,1000,1,false,java,0
668,3,20,1000,1,false,beagle_CPU,0
669,3,20,1000,1,false,beagle_SSE,0
670,3,20,1000,2,false,java,0
671,3,20,1000,2,false,beagle_CPU,0
672,3,20,1000,2,false,beagle_SSE,0
673,3,20,1000,4,false,java,0
674,3,20,1000,4,false,beagle_CPU,0
675,3,20,1000,4,false,beagle_SSE,0
676,3,20,1000,6,false,java,0
677,3,20,1000,6,false,beagle_CPU,0
678,3,20,1000,6,false,beagle_SSE,0
679,3,20,1000,8,false,java,0
680,3,20,1000,8,false,beagle_CPU,0
681,3,20,1000,8,false,beagle_SSE,0
682,3,20,1000,1,false,beagle_GPU,1
683,3,20,1000,1,false,beagle_GPU,2
684,3,20,1000,1,false,beagle_GPU,4
685,6,20,1000,1,true,java,0
686,6,20,1000,1,true,beagle_CPU,0
687,6,20,1000,1,true,beagle_SSE,0
688,6,20,1000,2,true,java,0
689,6,20,1000,2,true,beagle_CPU,0
690,6,20,1000,2,true,beagle_SSE,0
691,6,20,1000,4,true,java,0
692,6,20,1000,4,true,beagle_CPU,0
693,6,20,1000,4,true,beagle_SSE,0
694,6,20,1000,6,true,java,0
695,6,20,1000,6,true,beagle_CPU,0
696,6,20,1000,6,true,beagle_SSE,0
697,6,20,1000,8,true,java,0
698,6,20,1000,8,true,beagle_CPU,0
699,6,20,1000,8,true,beagle_SSE,0
700,6,20,1000,1,true,beagle_GPU,1
701,6,20,1000,1,true,beagle_GPU,2
702,6,20,1000,1,true,beagle_GPU,4
703,6,20,1000,1,false,java,0
704,6,20,1000,1,false,beagle_CPU,0
705,6,20,1000,1,false,beagle_SSE,0
706,6,20,1000,2,false,java,0
707,6,20,1000,2,false,beagle_CPU,0
708,6,20,1000,2,false,beagle_SSE,0
709,6,20,1000,4,false,java,0
710,6,20,1000,4,false,beagle_CPU,0
711,6,20,1000,4,false,beagle_SSE,0
712,6,20,1000,6,false,java,0
713,6,20,1000,6,false,beagle_CPU,0
714,6,20,1000,6,false,beagle_SSE,0
715,6,20,1000,8,false,java,0
716,6,20,1000,8,false,beagle_CPU,0
717,6,20,1000,8,false,beagle_SSE,0
718,6,20,1000,1,false,beagle_GPU,1
719,6,20,1000,1,false,beagle_GPU,2
720,6,20,1000,1,false,beagle_GPU,4
721,9,20,1000,1,true,java,0
722,9,20,1000,1,true,beagle_CPU,0
723,9,20,1000,1,true,beagle_SSE,0
724,9,20,1000,2,true,java,0
725,9,20,1000,2,true,beagle_CPU,0
726,9,20,1000,2,true,beagle_SSE,0
727,9,20,1000,4,true,java,0
728,9,20,1000,4,true,beagle_CPU,0
729,9,20,1000,4,true,beagle_SSE,0
730,9,20,1000,6,true,java,0
731,9,20,1000,6,true,beagle_CPU,0
732,9,20,1000,6,true,beagle_SSE,0
733,9,20,1000,8,true,java,0
734,9,20,1000,8,true,beagle_CPU,0
735,9,20,1000,8,true,beagle_SSE,0
736,9,20,1000,1,true,beagle_GPU,1
737,9,20,1000,1,true,beagle_GPU,2
738,9,20,1000,1,true,beagle_GPU,4
739,9,20,1000,1,false,java,0
740,9,20,1000,1,false,beagle_CPU,0
741,9,20,1000,1,false,beagle_SSE,0
742,9,20,1000,2,false,java,0
743,9,20,1000,2,false,beagle_CPU,0
744,9,20,1000,2,false,beagle_SSE,0
745,9,20,1000,4,false,java,0
746,9,20,1000,4,false,beagle_CPU,0
747,9,20,1000,4,false,beagle_SSE,0
748,9,20,1000,6,false,java,0
749,9,20,1000,6,false,beagle_CPU,0
750,9,20,1000,6,false,beagle_SSE,0
751,9,20,1000,8,false,java,0
752,9,20,1000,8,false,beagle_CPU,0
753,9,20,1000,8,false,beagle_SSE,0
754,9,20,1000,1,false,beagle_GPU,1
755,9,20,1000,1,false,beagle_GPU,2
756,9,20,1000,1,false,beagle_GPU,4
757,3,100,100,1,true,java,0
758,3,100,100,1,true,beagle_CPU,0
759,3,100,100,1,true,beagle_SSE,0
760,3,100,100,2,true,java,0
761,3,100,100,2,true,beagle_CPU,0
762,3,100,100,2,true,beagle_SSE,0
763,3,100,100,4,true,java,0
764,3,100,100,4,true,beagle_CPU,0
765,3,100,100,4,true,beagle_SSE,0
766,3,100,100,6,true,java,0
767,3,100,100,6,true,beagle_CPU,0
768,3,100,100,6,true,beagle_SSE,0
769,3,100,100,8,true,java,0
770,3,100,100,8,true,beagle_CPU,0
771,3,100,100,8,true,beagle_SSE,0
772,3,100,100,1,true,beagle_GPU,1
773,3,100,100,1,true,beagle_GPU,2
774,3,100,100,1,true,beagle_GPU,4
775,3,100,100,1,false,java,0
776,3,100,100,1,false,beagle_CPU,0
777,3,100,100,1,false,beagle_SSE,0
778,3,100,100,2,false,java,0
779,3,100,100,2,false,beagle_CPU,0
780,3,100,100,2,false,beagle_SSE,0
781,3,100,100,4,false,java,0
782,3,100,100,4,false,beagle_CPU,0
783,3,100,100,4,false,beagle_SSE,0
784,3,100,100,6,false,java,0
785,3,100,100,6,false,beagle_CPU,0
786,3,100,100,6,false,beagle_SSE,0
787,3,100,100,8,false,java,0
788,3,100,100,8,false,beagle_CPU,0
789,3,100,100,8,false,beagle_SSE,0
790,3,100,100,1,false,beagle_GPU,1
791,3,100,100,1,false,beagle_GPU,2
792,3,100,100,1,false,beagle_GPU,4
793,6,100,100,1,true,java,0
794,6,100,100,1,true,beagle_CPU,0
795,6,100,100,1,true,beagle_SSE,0
796,6,100,100,2,true,java,0
797,6,100,100,2,true,beagle_CPU,0
798,6,100,100,2,true,beagle_SSE,0
799,6,100,100,4,true,java,0
800,6,100,100,4,true,beagle_CPU,0
801,6,100,100,4,true,beagle_SSE,0
802,6,100,100,6,true,java,0
803,6,100,100,6,true,beagle_CPU,0
804,6,100,100,6,true,beagle_SSE,0
805,6,100,100,8,true,java,0
806,6,100,100,8,true,beagle_CPU,0
807,6,100,100,8,true,beagle_SSE,0
808,6,100,100,1,true,beagle_GPU,1
809,6,100,100,1,true,beagle_GPU,2
810,6,100,100,1,true,beagle_GPU,4
811,6,100,100,1,false,java,0
812,6,100,100,1,false,beagle_CPU,0
813,6,100,100,1,false,beagle_SSE,0
814,6,100,100,2,false,java,0
815,6,100,100,2,false,beagle_CPU,0
816,6,100,100,2,false,beagle_SSE,0
817,6,100,100,4,false,java,0
818,6,100,100,4,false,beagle_CPU,0
819,6,100,100,4,false,beagle_SSE,0
820,6,100,100,6,false,java,0
821,6,100,100,6,false,beagle_CPU,0
822,6,100,100,6,false,beagle_SSE,0
823,6,100,100,8,false,java,0
824,6,100,100,8,false,beagle_CPU,0
825,6,100,100,8,false,beagle_SSE,0
826,6,100,100,1,false,beagle_GPU,1
827,6,100,100,1,false,beagle_GPU,2
828,6,100,100,1,false,beagle_GPU,4
829,9,100,100,1,true,java,0
830,9,100,100,1,true,beagle_CPU,0
831,9,100,100,1,true,beagle_SSE,0
832,9,100,100,2,true,java,0
833,9,100,100,2,true,beagle_CPU,0
834,9,100,100,2,true,beagle_SSE,0
835,9,100,100,4,true,java,0
836,9,100,100,4,true,beagle_CPU,0
837,9,100,100,4,true,beagle_SSE,0
838,9,100,100,6,true,java,0
839,9,100,100,6,true,beagle_CPU,0
840,9,100,100,6,true,beagle_SSE,0
841,9,100,100,8,true,java,0
842,9,100,100,8,true,beagle_CPU,0
843,9,100,100,8,true,beagle_SSE,0
844,9,100,100,1,true,beagle_GPU,1
845,9,100,100,1,true,beagle_GPU,2
846,9,100,100,1,true,beagle_GPU,4
847,9,100,100,1,false,java,0
848,9,100,100,1,false,beagle_CPU,0
849,9,100,100,1,false,beagle_SSE,0
850,9,100,100,2,false,java,0
851,9,100,100,2,false,beagle_CPU,0
852,9,100,100,2,false,beagle_SSE,0
853,9,100,100,4,false,java,0
854,9,100,100,4,false,beagle_CPU,0
855,9,100,100,4,false,beagle_SSE,0
856,9,100,100,6,false,java,0
857,9,100,100,6,false,beagle_CPU,0
858,9,100,100,6,false,beagle_SSE,0
859,9,100,100,8,false,java,0
860,9,100,100,8,false,beagle_CPU,0
861,9,100,100,8,false,beagle_SSE,0
862,9,100,100,1,false,beagle_GPU,1
863,9,100,100,1,false,beagle_GPU,2
864,9,100,100,1,false,beagle_GPU,4
865,3,100,500,1,true,java,0
866,3,100,500,1,true,beagle_CPU,0
867,3,100,500,1,true,beagle_SSE,0
868,3,100,500,2,true,java,0
869,3,100,500,2,true,beagle_CPU,0
870,3,100,500,2,true,beagle_SSE,0
871,3,100,500,4,true,java,0
872,3,100,500,4,true,beagle_CPU,0
873,3,100,500,4,true,beagle_SSE,0
874,3,100,500,6,true,java,0
875,3,100,500,6,true,beagle_CPU,0
876,3,100,500,6,true,beagle_SSE,0
877,3,100,500,8,true,java,0
878,3,100,500,8,true,beagle_CPU,0
879,3,100,500,8,true,beagle_SSE,0
880,3,100,500,1,true,beagle_GPU,1
881,3,100,500,1,true,beagle_GPU,2
882,3,100,500,1,true,beagle_GPU,4
883,3,100,500,1,false,java,0
884,3,100,500,1,false,beagle_CPU,0
885,3,100,500,1,false,beagle_SSE,0
886,3,100,500,2,false,java,0
887,3,100,500,2,false,beagle_CPU,0
888,3,100,500,2,false,beagle_SSE,0
889,3,100,500,4,false,java,0
890,3,100,500,4,false,beagle_CPU,0
891,3,100,500,4,false,beagle_SSE,0
892,3,100,500,6,false,java,0
893,3,100,500,6,false,beagle_CPU,0
894,3,100,500,6,false,beagle_SSE,0
895,3,100,500,8,false,java,0
896,3,100,500,8,false,beagle_CPU,0
897,3,100,500,8,false,beagle_SSE,0
898,3,100,500,1,false,beagle_GPU,1
899,3,100,500,1,false,beagle_GPU,2
900,3,100,500,1,false,beagle_GPU,4
901,6,100,500,1,true,java,0
902,6,100,500,1,true,beagle_CPU,0
903,6,100,500,1,true,beagle_SSE,0
904,6,100,500,2,true,java,0
905,6,100,500,2,true,beagle_CPU,0
906,6,100,500,2,true,beagle_SSE,0
907,6,100,500,4,true,java,0
908,6,100,500,4,true,beagle_CPU,0
909,6,100,500,4,true,beagle_SSE,0
910,6,100,500,6,true,java,0
911,6,100,500,6,true,beagle_CPU,0
912,6,100,500,6,true,beagle_SSE,0
913,6,100,500,8,true,java,0
914,6,100,500,8,true,beagle_CPU,0
915,6,100,500,8,true,beagle_SSE,0
916,6,100,500,1,true,beagle_GPU,1
917,6,100,500,1,true,beagle_GPU,2
918,6,100,500,1,true,beagle_GPU,4
919,6,100,500,1,false,java,0
920,6,100,500,1,false,beagle_CPU,0
921,6,100,500,1,false,beagle_SSE,0
922,6,100,500,2,false,java,0
923,6,100,500,2,false,beagle_CPU,0
924,6,100,500,2,false,beagle_SSE,0
925,6,100,500,4,false,java,0
926,6,100,500,4,false,beagle_CPU,0
927,6,100,500,4,false,beagle_SSE,0
928,6,100,500,6,false,java,0
929,6,100,500,6,false,beagle_CPU,0
930,6,100,500,6,false,beagle_SSE,0
931,6,100,500,8,false,java,0
932,6,100,500,8,false,beagle_CPU,0
933,6,100,500,8,false,beagle_SSE,0
934,6,100,500,1,false,beagle_GPU,1
935,6,100,500,1,false,beagle_GPU,2
936,6,100,500,1,false,beagle_GPU,4
937,9,100,500,1,true,java,0
938,9,100,500,1,true,beagle_CPU,0
939,9,100,500,1,true,beagle_SSE,0
940,9,100,500,2,true,java,0
941,9,100,500,2,true,beagle_CPU,0
942,9,100,500,2,true,beagle_SSE,0
943,9,100,500,4,true,java,0
944,9,100,500,4,true,beagle_CPU,0
945,9,100,500,4,true,beagle_SSE,0
946,9,100,500,6,true,java,0
947,9,100,500,6,true,beagle_CPU,0
948,9,100,500,6,true,beagle_SSE,0
949,9,100,500,8,true,java,0
950,9,100,500,8,true,beagle_CPU,0
951,9,100,500,8,true,beagle_SSE,0
952,9,100,500,1,true,beagle_GPU,1
953,9,100,500,1,true,beagle_GPU,2
954,9,100,500,1,true,beagle_GPU,4
955,9,100,500,1,false,java,0
956,9,100,500,1,false,beagle_CPU,0
957,9,100,500,1,false,beagle_SSE,0
958,9,100,500,2,false,java,0
959,9,100,500,2,false,beagle_CPU,0
960,9,100,500,2,false,beagle_SSE,0
961,9,100,500,4,false,java,0
962,9,100,500,4,false,beagle_CPU,0
963,9,100,500,4,false,beagle_SSE,0
964,9,100,500,6,false,java,0
965,9,100,500,6,false,beagle_CPU,0
966,9,100,500,6,false,beagle_SSE,0
967,9,100,500,8,false,java,0
968,9,100,500,8,false,beagle_CPU,0
969,9,100,500,8,false,beagle_SSE,0
970,9,100,500,1,false,beagle_GPU,1
971,9,100,500,1,false,beagle_GPU,2
972,9,100,500,1,false,beagle_GPU,4
973,3,100,1000,1,true,java,0
974,3,100,1000,1,true,beagle_CPU,0
975,3,100,1000,1,true,beagle_SSE,0
976,3,100,1000,2,true,java,0
977,3,100,1000,2,true,beagle_CPU,0
978,3,100,1000,2,true,beagle_SSE,0
979,3,100,1000,4,true,java,0
980,3,100,1000,4,true,beagle_CPU,0
981,3,100,1000,4,true,beagle_SSE,0
982,3,100,1000,6,true,java,0
983,3,100,1000,6,true,beagle_CPU,0
984,3,100,1000,6,true,beagle_SSE,0
985,3,100,1000,8,true,java,0
986,3,100,1000,8,true,beagle_CPU,0
987,3,100,1000,8,true,beagle_SSE,0
988,3,100,1000,1,true,beagle_GPU,1
989,3,100,1000,1,true,beagle_GPU,2
990,3,100,1000,1,true,beagle_GPU,4
991,3,100,1000,1,false,java,0
992,3,100,1000,1,false,beagle_CPU,0
993,3,100,1000,1,false,beagle_SSE,0
994,3,100,1000,2,false,java,0
995,3,100,1000,2,false,beagle_CPU,0
996,3,100,1000,2,false,beagle_SSE,0
997,3,100,1000,4,false,java,0
998,3,100,1000,4,false,beagle_CPU,0
999,3,100,1000,4,false,beagle_SSE,0
1000,3,100,1000,6,false,java,0
1001,3,100,1000,6,false,beagle_CPU,0
1002,3,100,1000,6,false,beagle_SSE,0
1003,3,100,1000,8,false,java,0
1004,3,100,1000,8,false,beagle_CPU,0
1005,3,100,1000,8,false,beagle_SSE,0
1006,3,100,1000,1,false,beagle_GPU,1
1007,3,100,1000,1,false,beagle_GPU,2
1008,3,100,1000,1,false,beagle_GPU,4
1009,6,100,1000,1,true,java,0
1010,6,100,1000,1,true,beagle_CPU,0
1011,6,100,1000,1,true,beagle_SSE,0
1012,6,100,1000,2,true,java,0
1013,6,100,1000,2,true,beagle_CPU,0
1014,6,100,1000,2,true,beagle_SSE,0
1015,6,100,1000,4,true,java,0
1016,6,100,1000,4,true,beagle_CPU,0
1017,6,100,1000,4,true,beagle_SSE,0
1018,6,100,1000,6,true,java,0
1019,6,100,1000,6,true,beagle_CPU,0
1020,6,100,1000,6,true,beagle_SSE,0
1021,6,100,1000,8,true,java,0
1022,6,100,1000,8,true,beagle_CPU,0
1023,6,100,1000,8,true,beagle_SSE,0
1024,6,100,1000,1,true,beagle_GPU,1
1025,6,100,1000,1,true,beagle_GPU,2
1026,6,100,1000,1,true,beagle_GPU,4
1027,6,100,1000,1,false,java,0
1028,6,100,1000,1,false,beagle_CPU,0
1029,6,100,1000,1,false,beagle_SSE,0
1030,6,100,1000,2,false,java,0
1031,6,100,1000,2,false,beagle_CPU,0
1032,6,100,1000,2,false,beagle_SSE,0
1033,6,100,1000,4,false,java,0
1034,6,100,1000,4,false,beagle_CPU,0
1035,6,100,1000,4,false,beagle_SSE,0
1036,6,100,1000,6,false,java,0
1037,6,100,1000,6,false,beagle_CPU,0
1038,6,100,1000,6,false,beagle_SSE,0
1039,6,100,1000,8,false,java,0
1040,6,100,1000,8,false,beagle_CPU,0
1041,6,100,1000,8,false,beagle_SSE,0
1042,6,100,1000,1,false,beagle_GPU,1
1043,6,100,1000,1,false,beagle_GPU,2
1044,6,100,1000,1,false,beagle_GPU,4
1045,9,100,1000,1,true,java,0
1046,9,100,1000,1,true,beagle_CPU,0
1047,9,100,1000,1,true,beagle_SSE,0
1048,9,100,1000,2,true,java,0
1049,9,100,1000,2,true,beagle_CPU,0
1050,9,100,1000,2,true,beagle_SSE,0
1051,9,100,1000,4,true,java,0
1052,9,100,1000,4,true,beagle_CPU,0
1053,9,100,1000,4,true,beagle_SSE,0
1054,9,100,1000,6,true,java,0
1055,9,100,1000,6,true,beagle_CPU,0
1056,9,100,1000,6,true,beagle_SSE,0
1057,9,100,1000,8,true,java,0
1058,9,100,1000,8,true,beagle_CPU,0
1059,9,100,1000,8,true,beagle_SSE,0
1060,9,100,1000,1,true,beagle_GPU,1
1061,9,100,1000,1,true,beagle_GPU,2
1062,9,100,1000,1,true,beagle_GPU,4
1063,9,100,1000,1,false,java,0
1064,9,100,1000,1,false,beagle_CPU,0
1065,9,100,1000,1,false,beagle_SSE,0
1066,9,100,1000,2,false,java,0
1067,9,100,1000,2,false,beagle_CPU,0
1068,9,100,1000,2,false,beagle_SSE,0
1069,9,100,1000,4,false,java,0
1070,9,100,1000,4,false,beagle_CPU,0
1071,9,100,1000,4,false,beagle_SSE,0
1072,9,100,1000,6,false,java,0
1073,9,100,1000,6,false,beagle_CPU,0
1074,9,100,1000,6,false,beagle_SSE,0
1075,9,100,1000,8,false,java,0
1076,9,100,1000,8,false,beagle_CPU,0
1077,9,100,1000,8,false,beagle_SSE,0
1078,9,100,1000,1,false,beagle_GPU,1
1079,9,100,1000,1,false,beagle_GPU,2
1080,9,100,1000,1,false,beagle_GPU,4
1081,3,250,100,1,true,java,0
1082,3,250,100,1,true,beagle_CPU,0
1083,3,250,100,1,true,beagle_SSE,0
1084,3,250,100,2,true,java,0
1085,3,250,100,2,true,beagle_CPU,0
1086,3,250,100,2,true,beagle_SSE,0
1087,3,250,100,4,true,java,0
1088,3,250,100,4,true,beagle_CPU,0
1089,3,250,100,4,true,beagle_SSE,0
1090,3,250,100,6,true,java,0
1091,3,250,100,6,true,beagle_CPU,0
1092,3,250,100,6,true,beagle_SSE,0
1093,3,250,100,8,true,java,0
1094,3,250,100,8,true,beagle_CPU,0
1095,3,250,100,8,true,beagle_SSE,0
1096,3,250,100,1,true,beagle_GPU,1
1097,3,250,100,1,true,beagle_GPU,2
1098,3,250,100,1,true,beagle_GPU,4
1099,3,250,100,1,false,java,0
1100,3,250,100,1,false,beagle_CPU,0
1101,3,250,100,1,false,beagle_SSE,0
1102,3,250,100,2,false,java,0
1103,3,250,100,2,false,beagle_CPU,0
1104,3,250,100,2,false,beagle_SSE,0
1105,3,250,100,4,false,java,0
1106,3,250,100,4,false,beagle_CPU,0
1107,3,250,100,4,false,beagle_SSE,0
1108,3,250,100,6,false,java,0
1109,3,250,100,6,false,beagle_CPU,0
1110,3,250,100,6,false,beagle_SSE,0
1111,3,250,100,8,false,java,0
1112,3,250,100,8,false,beagle_CPU,0
1113,3,250,100,8,false,beagle_SSE,0
1114,3,250,100,1,false,beagle_GPU,1
1115,3,250,100,1,false,beagle_GPU,2
1116,3,250,100,1,false,beagle_GPU,4
1117,6,250,100,1,true,java,0
1118,6,250,100,1,true,beagle_CPU,0
1119,6,250,100,1,true,beagle_SSE,0
1120,6,250,100,2,true,java,0
1121,6,250,100,2,true,beagle_CPU,0
1122,6,250,100,2,true,beagle_SSE,0
1123,6,250,100,4,true,java,0
1124,6,250,100,4,true,beagle_CPU,0
1125,6,250,100,4,true,beagle_SSE,0
1126,6,250,100,6,true,java,0
1127,6,250,100,6,true,beagle_CPU,0
1128,6,250,100,6,true,beagle_SSE,0
1129,6,250,100,8,true,java,0
1130,6,250,100,8,true,beagle_CPU,0
1131,6,250,100,8,true,beagle_SSE,0
1132,6,250,100,1,true,beagle_GPU,1
1133,6,250,100,1,true,beagle_GPU,2
1134,6,250,100,1,true,beagle_GPU,4
1135,6,250,100,1,false,java,0
1136,6,250,100,1,false,beagle_CPU,0
1137,6,250,100,1,false,beagle_SSE,0
1138,6,250,100,2,false,java,0
1139,6,250,100,2,false,beagle_CPU,0
1140,6,250,100,2,false,beagle_SSE,0
1141,6,250,100,4,false,java,0
1142,6,250,100,4,false,beagle_CPU,0
1143,6,250,100,4,false,beagle_SSE,0
1144,6,250,100,6,false,java,0
1145,6,250,100,6,false,beagle_CPU,0
1146,6,250,100,6,false,beagle_SSE,0
1147,6,250,100,8,false,java,0
1148,6,250,100,8,false,beagle_CPU,0
1149,6,250,100,8,false,beagle_SSE,0
1150,6,250,100,1,false,beagle_GPU,1
1151,6,250,100,1,false,beagle_GPU,2
1152,6,250,100,1,false,beagle_GPU,4
1153,9,250,100,1,true,java,0
1154,9,250,100,1,true,beagle_CPU,0
1155,9,250,100,1,true,beagle_SSE,0
1156,9,250,100,2,true,java,0
1157,9,250,100,2,true,beagle_CPU,0
1158,9,250,100,2,true,beagle_SSE,0
1159,9,250,100,4,true,java,0
1160,9,250,100,4,true,beagle_CPU,0
1161,9,250,100,4,true,beagle_SSE,0
1162,9,250,100,6,true,java,0
1163,9,250,100,6,true,beagle_CPU,0
1164,9,250,100,6,true,beagle_SSE,0
1165,9,250,100,8,true,java,0
1166,9,250,100,8,true,beagle_CPU,0
1167,9,250,100,8,true,beagle_SSE,0
1168,9,250,100,1,true,beagle_GPU,1
1169,9,250,100,1,true,beagle_GPU,2
1170,9,250,100,1,true,beagle_GPU,4
1171,9,250,100,1,false,java,0
1172,9,250,100,1,false,beagle_CPU,0
1173,9,250,100,1,false,beagle_SSE,0
1174,9,250,100,2,false,java,0
1175,9,250,100,2,false,beagle_CPU,0
1176,9,250,100,2,false,beagle_SSE,0
1177,9,250,100,4,false,java,0
1178,9,250,100,4,false,beagle_CPU,0
1179,9,250,100,4,false,beagle_SSE,0
1180,9,250,100,6,false,java,0
1181,9,250,100,6,false,beagle_CPU,0
1182,9,250,100,6,false,beagle_SSE,0
1183,9,250,100,8,false,java,0
1184,9,250,100,8,false,beagle_CPU,0
1185,9,250,100,8,false,beagle_SSE,0
1186,9,250,100,1,false,beagle_GPU,1
1187,9,250,100,1,false,beagle_GPU,2
1188,9,250,100,1,false,beagle_GPU,4
1189,3,250,500,1,true,java,0
1190,3,250,500,1,true,beagle_CPU,0
1191,3,250,500,1,true,beagle_SSE,0
1192,3,250,500,2,true,java,0
1193,3,250,500,2,true,beagle_CPU,0
1194,3,250,500,2,true,beagle_SSE,0
1195,3,250,500,4,true,java,0
1196,3,250,500,4,true,beagle_CPU,0
1197,3,250,500,4,true,beagle_SSE,0
1198,3,250,500,6,true,java,0
1199,3,250,500,6,true,beagle_CPU,0
1200,3,250,500,6,true,beagle_SSE,0
1201,3,250,500,8,true,java,0
1202,3,250,500,8,true,beagle_CPU,0
1203,3,250,500,8,true,beagle_SSE,0
1204,3,250,500,1,true,beagle_GPU,1
1205,3,250,500,1,true,beagle_GPU,2
1206,3,250,500,1,true,beagle_GPU,4
1207,3,250,500,1,false,java,0
1208,3,250,500,1,false,beagle_CPU,0
1209,3,250,500,1,false,beagle_SSE,0
1210,3,250,500,2,false,java,0
1211,3,250,500,2,false,beagle_CPU,0
1212,3,250,500,2,false,beagle_SSE,0
1213,3,250,500,4,false,java,0
1214,3,250,500,4,false,beagle_CPU,0
1215,3,250,500,4,false,beagle_SSE,0
1216,3,250,500,6,false,java,0
1217,3,250,500,6,false,beagle_CPU,0
1218,3,250,500,6,false,beagle_SSE,0
1219,3,250,500,8,false,java,0
1220,3,250,500,8,false,beagle_CPU,0
1221,3,250,500,8,false,beagle_SSE,0
1222,3,250,500,1,false,beagle_GPU,1
1223,3,250,500,1,false,beagle_GPU,2
1224,3,250,500,1,false,beagle_GPU,4
1225,6,250,500,1,true,java,0
1226,6,250,500,1,true,beagle_CPU,0
1227,6,250,500,1,true,beagle_SSE,0
1228,6,250,500,2,true,java,0
1229,6,250,500,2,true,beagle_CPU,0
1230,6,250,500,2,true,beagle_SSE,0
1231,6,250,500,4,true,java,0
1232,6,250,500,4,true,beagle_CPU,0
1233,6,250,500,4,true,beagle_SSE,0
1234,6,250,500,6,true,java,0
1235,6,250,500,6,true,beagle_CPU,0
1236,6,250,500,6,true,beagle_SSE,0
1237,6,250,500,8,true,java,0
1238,6,250,500,8,true,beagle_CPU,0
1239,6,250,500,8,true,beagle_SSE,0
1240,6,250,500,1,true,beagle_GPU,1
1241,6,250,500,1,true,beagle_GPU,2
1242,6,250,500,1,true,beagle_GPU,4
1243,6,250,500,1,false,java,0
1244,6,250,500,1,false,beagle_CPU,0
1245,6,250,500,1,false,beagle_SSE,0
1246,6,250,500,2,false,java,0
1247,6,250,500,2,false,beagle_CPU,0
1248,6,250,500,2,false,beagle_SSE,0
1249,6,250,500,4,false,java,0
1250,6,250,500,4,false,beagle_CPU,0
1251,6,250,500,4,false,beagle_SSE,0
1252,6,250,500,6,false,java,0
1253,6,250,500,6,false,beagle_CPU,0
1254,6,250,500,6,false,beagle_SSE,0
1255,6,250,500,8,false,java,0
1256,6,250,500,8,false,beagle_CPU,0
1257,6,250,500,8,false,beagle_SSE,0
1258,6,250,500,1,false,beagle_GPU,1
1259,6,250,500,1,false,beagle_GPU,2
1260,6,250,500,1,false,beagle_GPU,4
1261,9,250,500,1,true,java,0
1262,9,250,500,1,true,beagle_CPU,0
1263,9,250,500,1,true,beagle_SSE,0
1264,9,250,500,2,true,java,0
1265,9,250,500,2,true,beagle_CPU,0
1266,9,250,500,2,true,beagle_SSE,0
1267,9,250,500,4,true,java,0
1268,9,250,500,4,true,beagle_CPU,0
1269,9,250,500,4,true,beagle_SSE,0
1270,9,250,500,6,true,java,0
1271,9,250,500,6,true,beagle_CPU,0
1272,9,250,500,6,true,beagle_SSE,0
1273,9,250,500,8,true,java,0
1274,9,250,500,8,true,beagle_CPU,0
1275,9,250,500,8,true,beagle_SSE,0
1276,9,250,500,1,true,beagle_GPU,1
1277,9,250,500,1,true,beagle_GPU,2
1278,9,250,500,1,true,beagle_GPU,4
1279,9,250,500,1,false,java,0
1280,9,250,500,1,false,beagle_CPU,0
1281,9,250,500,1,false,beagle_SSE,0
1282,9,250,500,2,false,java,0
1283,9,250,500,2,false,beagle_CPU,0
1284,9,250,500,2,false,beagle_SSE,0
1285,9,250,500,4,false,java,0
1286,9,250,500,4,false,beagle_CPU,0
1287,9,250,500,4,false,beagle_SSE,0
1288,9,250,500,6,false,java,0
1289,9,250,500,6,false,beagle_CPU,0
1290,9,250,500,6,false,beagle_SSE,0
1291,9,250,500,8,false,java,0
1292,9,250,500,8,false,beagle_CPU,0
1293,9,250,500,8,false,beagle_SSE,0
1294,9,250,500,1,false,beagle_GPU,1
1295,9,250,500,1,false,beagle_GPU,2
1296,9,250,500,1,false,beagle_GPU,4
1297,3,250,1000,1,true,java,0
1298,3,250,1000,1,true,beagle_CPU,0
1299,3,250,1000,1,true,beagle_SSE,0
1300,3,250,1000,2,true,java,0
1301,3,250,1000,2,true,beagle_CPU,0
1302,3,250,1000,2,true,beagle_SSE,0
1303,3,250,1000,4,true,java,0
1304,3,250,1000,4,true,beagle_CPU,0
1305,3,250,1000,4,true,beagle_SSE,0
1306,3,250,1000,6,true,java,0
1307,3,250,1000,6,true,beagle_CPU,0
1308,3,250,1000,6,true,beagle_SSE,0
1309,3,250,1000,8,true,java,0
1310,3,250,1000,8,true,beagle_CPU,0
1311,3,250,1000,8,true,beagle_SSE,0
1312,3,250,1000,1,true,beagle_GPU,1
1313,3,250,1000,1,true,beagle_GPU,2
1314,3,250,1000,1,true,beagle_GPU,4
1315,3,250,1000,1,false,java,0
1316,3,250,1000,1,false,beagle_CPU,0
1317,3,250,1000,1,false,beagle_SSE,0
1318,3,250,1000,2,false,java,0
1319,3,250,1000,2,false,beagle_CPU,0
1320,3,250,1000,2,false,beagle_SSE,0
1321,3,250,1000,4,false,java,0
1322,3,250,1000,4,false,beagle_CPU,0
1323,3,250,1000,4,false,beagle_SSE,0
1324,3,250,1000,6,false,java,0
1325,3,250,1000,6,false,beagle_CPU,0
1326,3,250,1000,6,false,beagle_SSE,0
1327,3,250,1000,8,false,java,0
1328,3,250,1000,8,false,beagle_CPU,0
1329,3,250,1000,8,false,beagle_SSE,0
1330,3,250,1000,1,false,beagle_GPU,1
1331,3,250,1000,1,false,beagle_GPU,2
1332,3,250,1000,1,false,beagle_GPU,4
1333,6,250,1000,1,true,java,0
1334,6,250,1000,1,true,beagle_CPU,0
1335,6,250,1000,1,true,beagle_SSE,0
1336,6,250,1000,2,true,java,0
1337,6,250,1000,2,true,beagle_CPU,0
1338,6,250,1000,2,true,beagle_SSE,0
1339,6,250,1000,4,true,java,0
1340,6,250,1000,4,true,beagle_CPU,0
1341,6,250,1000,4,true,beagle_SSE,0
1342,6,250,1000,6,true,java,0
1343,6,250,1000,6,true,beagle_CPU,0
1344,6,250,1000,6,true,beagle_SSE,0
1345,6,250,1000,8,true,java,0
1346,6,250,1000,8,true,beagle_CPU,0
1347,6,250,1000,8,true,beagle_SSE,0
1348,6,250,1000,1,true,beagle_GPU,1
1349,6,250,1000,1,true,beagle_GPU,2
1350,6,250,1000,1,true,beagle_GPU,4
1351,6,250,1000,1,false,java,0
1352,6,250,1000,1,false,beagle_CPU,0
1353,6,250,1000,1,false,beagle_SSE,0
1354,6,250,1000,2,false,java,0
1355,6,250,1000,2,false,beagle_CPU,0
1356,6,250,1000,2,false,beagle_SSE,0
1357,6,250,1000,4,false,java,0
1358,6,250,1000,4,false,beagle_CPU,0
1359,6,250,1000,4,false,beagle_SSE,0
1360,6,250,1000,6,false,java,0
1361,6,250,1000,6,false,beagle_CPU,0
1362,6,250,1000,6,false,beagle_SSE,0
1363,6,250,1000,8,false,java,0
1364,6,250,1000,8,false,beagle_CPU,0
1365,6,250,1000,8,false,beagle_SSE,0
1366,6,250,1000,1,false,beagle_GPU,1
1367,6,250,1000,1,false,beagle_GPU,2
1368,6,250,1000,1,false,beagle_GPU,4
1369,9,250,1000,1,true,java,0
1370,9,250,1000,1,true,beagle_CPU,0
1371,9,250,1000,1,true,beagle_SSE,0
1372,9,250,1000,2,true,java,0
1373,9,250,1000,2,true,beagle_CPU,0
1374,9,250,1000,2,true,beagle_SSE,0
1375,9,250,1000,4,true,java,0
1376,9,250,1000,4,true,beagle_CPU,0
1377,9,250,1000,4,true,beagle_SSE,0
1378,9,250,1000,6,true,java,0
1379,9,250,1000,6,true,beagle_CPU,0
1380,9,250,1000,6,true,beagle_SSE,0
1381,9,250,1000,8,true,java,0
1382,9,250,1000,8,true,beagle_CPU,0
1383,9,250,1000,8,true,beagle_SSE,0
1384,9,250,1000,1,true,beagle_GPU,1
1385,9,250,1000,1,true,beagle_GPU,2
1386,9,250,1000,1,true,beagle_GPU,4
1387,9,250,1000,1,false,java,0
1388,9,250,1000,1,false,beagle_CPU,0
1389,9,250,1000,1,false,beagle_SSE,0
1390,9,250,1000,2,false,java,0
1391,9,250,1000,2,false,beagle_CPU,0
1392,9,250,1000,2,false,beagle_SSE,0
1393,9,250,1000,4,false,java,0
1394,9,250,1000,4,false,beagle_CPU,0
1395,9,250,1000,4,false,beagle_SSE,0
1396,9,250,1000,6,false,java,0
1397,9,250,1000,6,false,beagle_CPU,0
1398,9,250,1000,6,false,beagle_SSE,0
1399,9,250,1000,8,false,java,0
1400,9,250,1000,8,false,beagle_CPU,0
1401,9,250,1000,8,false,beagle_SSE,0
1402,9,250,1000,1,false,beagle_GPU,1
1403,9,250,1000,1,false,beagle_GPU,2
1404,9,250,1000,1,false,beagle_GPU,4
